{"cameraMode":{"drawMode":0,"name":"Shaded","section":"Shading Mode"},"sceneLighting":false,"audioPlay":false,"sceneViewState":{"m_AlwaysRefresh":false,"showFog":true,"showSkybox":true,"showFlares":true,"showImageEffects":true,"showParticleSystems":true,"showVisualEffectGraphs":true,"m_FxEnabled":true},"in2DMode":false,"pivot":{"x":26.845108032226564,"y":18.693466186523439,"z":-6.488807678222656},"rotation":{"x":0.019459262490272523,"y":-0.5448933243751526,"z":-0.01299356296658516,"w":-0.8385587334632874},"size":9.100000381469727,"orthographic":false}