{"cameraMode":{"drawMode":0,"name":"Shaded","section":"Shading Mode"},"sceneLighting":false,"audioPlay":false,"sceneViewState":{"m_AlwaysRefresh":false,"showFog":true,"showSkybox":true,"showFlares":true,"showImageEffects":true,"showParticleSystems":true,"showVisualEffectGraphs":true,"m_FxEnabled":true},"in2DMode":false,"pivot":{"x":43.2354736328125,"y":152.97213745117188,"z":32.62690734863281},"rotation":{"x":0.018575603142380716,"y":0.08535585552453995,"z":-0.0012326795840635896,"w":0.9964584112167358},"size":80.62257385253906,"orthographic":false}