{"cameraMode":{"drawMode":0,"name":"Shaded","section":"Shading Mode"},"sceneLighting":false,"audioPlay":false,"sceneViewState":{"m_AlwaysRefresh":false,"showFog":true,"showSkybox":true,"showFlares":true,"showImageEffects":true,"showParticleSystems":true,"showVisualEffectGraphs":true,"m_FxEnabled":true},"in2DMode":false,"pivot":{"x":-6.1257195472717289,"y":3.3450045585632326,"z":-7.358489990234375},"rotation":{"x":0.039333783090114596,"y":0.557371199131012,"z":-0.026443488895893098,"w":0.8290180563926697},"size":0.8660253882408142,"orthographic":false}